{"cameraMode":{"drawMode":0,"name":"Shaded","section":"Shading Mode"},"sceneLighting":true,"audioPlay":false,"sceneViewState":{"m_AlwaysRefresh":false,"showFog":true,"showSkybox":true,"showFlares":true,"showImageEffects":true,"showParticleSystems":true,"showVisualEffectGraphs":true,"m_FxEnabled":true},"in2DMode":false,"pivot":{"x":-4.102718353271484,"y":-15.572738647460938,"z":21.921796798706056},"rotation":{"x":0.46098828315734866,"y":0.16461007297039033,"z":-0.08746267855167389,"w":0.8676078915596008},"size":26.326637268066408,"orthographic":false}