{"cameraMode":{"drawMode":0,"name":"Shaded","section":"Shading Mode"},"sceneLighting":false,"audioPlay":false,"sceneViewState":{"m_AlwaysRefresh":false,"showFog":true,"showSkybox":false,"showFlares":true,"showImageEffects":true,"showParticleSystems":true,"showVisualEffectGraphs":true,"m_FxEnabled":true},"in2DMode":false,"pivot":{"x":-0.6877136826515198,"y":3.3048789501190187,"z":-5.688470840454102},"rotation":{"x":0.22224019467830659,"y":0.04969898611307144,"z":-0.011359267868101597,"w":0.9737100005149841},"size":6.03560209274292,"orthographic":false}