{"cameraMode":{"drawMode":0,"name":"Shaded","section":"Shading Mode"},"sceneLighting":false,"audioPlay":false,"sceneViewState":{"m_AlwaysRefresh":false,"showFog":true,"showSkybox":false,"showFlares":true,"showImageEffects":true,"showParticleSystems":true,"showVisualEffectGraphs":true,"m_FxEnabled":true},"in2DMode":false,"pivot":{"x":-0.9685426950454712,"y":-0.6047239303588867,"z":6.8380961418151859},"rotation":{"x":0.45592737197875979,"y":-0.09578900039196015,"z":0.04943758621811867,"w":0.8835115432739258},"size":6.03560209274292,"orthographic":false}