{"cameraMode":{"drawMode":0,"name":"Shaded","section":"Shading Mode"},"sceneLighting":false,"audioPlay":false,"sceneViewState":{"m_AlwaysRefresh":false,"showFog":true,"showSkybox":false,"showFlares":true,"showImageEffects":true,"showParticleSystems":true,"showVisualEffectGraphs":true,"m_FxEnabled":true},"in2DMode":false,"pivot":{"x":23.483966827392579,"y":3.942263126373291,"z":0.43253374099731448},"rotation":{"x":0.16785380244255067,"y":-0.39008453488349917,"z":0.07255515456199646,"w":0.902439296245575},"size":5.066025733947754,"orthographic":false}