{"cameraMode":{"drawMode":0,"name":"Shaded","section":"Shading Mode"},"sceneLighting":false,"audioPlay":false,"sceneViewState":{"m_AlwaysRefresh":false,"showFog":true,"showSkybox":false,"showFlares":true,"showImageEffects":true,"showParticleSystems":true,"showVisualEffectGraphs":true,"m_FxEnabled":true},"in2DMode":false,"pivot":{"x":39.816219329833987,"y":6.457374095916748,"z":-31.938045501708986},"rotation":{"x":0.009097372181713581,"y":0.8948450684547424,"z":-0.018255330622196199,"w":0.44591203331947329},"size":32.67399978637695,"orthographic":false}