{"cameraMode":{"drawMode":0,"name":"Shaded","section":"Shading Mode"},"sceneLighting":false,"audioPlay":false,"sceneViewState":{"m_AlwaysRefresh":false,"showFog":true,"showSkybox":false,"showFlares":true,"showImageEffects":true,"showParticleSystems":true,"showVisualEffectGraphs":true,"m_FxEnabled":true},"in2DMode":false,"pivot":{"x":-21.999629974365236,"y":-1.8338603973388672,"z":83.46685791015625},"rotation":{"x":0.12326611578464508,"y":-0.6634055972099304,"z":0.11210174113512039,"w":0.7294749617576599},"size":0.8660253882408142,"orthographic":false}